<?xml version="1.0" encoding="UTF-8"?>
<project-private xmlns="http://www.netbeans.org/ns/project-private/1">
    <editor-bookmarks xmlns="http://www.netbeans.org/ns/editor-bookmarks/2" lastBookmarkId="0"/>
    <open-files xmlns="http://www.netbeans.org/ns/projectui-open-files/2">
        <group>
            <file>file:/C:/Users/Diego/Desktop/Diego/Egg/Backend%202%20-%20Java%20y%20Base%20de%20Datos/Modulo%2013/ArmaduraIronMan/src/Entidades/ArmaduraIron.java</file>
            <file>file:/C:/Users/Diego/Desktop/Diego/Egg/Backend%202%20-%20Java%20y%20Base%20de%20Datos/Modulo%2013/ArmaduraIronMan/src/Entidades/Armadura.java</file>
            <file>file:/C:/Users/Diego/Desktop/Diego/Egg/Backend%202%20-%20Java%20y%20Base%20de%20Datos/Modulo%2013/ArmaduraIronMan/src/Entidades/Sintetizador.java</file>
            <file>file:/C:/Users/Diego/Desktop/Diego/Egg/Backend%202%20-%20Java%20y%20Base%20de%20Datos/Modulo%2013/ArmaduraIronMan/src/armaduraironman/ArmaduraIronMan.java</file>
            <file>file:/C:/Users/Diego/Desktop/Diego/Egg/Backend%202%20-%20Java%20y%20Base%20de%20Datos/Modulo%2013/ArmaduraIronMan/src/Entidades/Bota.java</file>
            <file>file:/C:/Users/Diego/Desktop/Diego/Egg/Backend%202%20-%20Java%20y%20Base%20de%20Datos/Modulo%2013/ArmaduraIronMan/src/Entidades/Guante.java</file>
            <file>file:/C:/Users/Diego/Desktop/Diego/Egg/Backend%202%20-%20Java%20y%20Base%20de%20Datos/Modulo%2013/ArmaduraIronMan/src/Entidades/Casco.java</file>
            <file>file:/C:/Users/Diego/Desktop/Diego/Egg/Backend%202%20-%20Java%20y%20Base%20de%20Datos/Modulo%2013/ArmaduraIronMan/src/Entidades/Dispositivo.java</file>
            <file>file:/C:/Users/Diego/Desktop/Diego/Egg/Backend%202%20-%20Java%20y%20Base%20de%20Datos/Modulo%2013/ArmaduraIronMan/src/Entidades/Consola.java</file>
            <file>file:/C:/Users/Diego/Desktop/Diego/Egg/Backend%202%20-%20Java%20y%20Base%20de%20Datos/Modulo%2013/ArmaduraIronMan/src/Excepciones/DispositivoDaniado.java</file>
        </group>
    </open-files>
</project-private>
